<?xml version="1.0" encoding="UTF-8"?>
<rss version="2.0" xmlns:ror="http://rorweb.com/0.1/" >
<channel>
  <title>ROR Sitemap for http://adzincome.cf/</title>
  <link>http://adzincome.cf/</link>

<item>
     <link>http://adzincome.cf/</link>
     <title>AdzIncome.Cf - Mobile Advertising Network | Sell Ads | Buy Ads | Monetize Traffic  Mobile Advertising Network | Sell Ads | Buy Ads | Monetize Traffic </title>
     <description>AdzIncome.Cf - Mobile Advertising Network | Sell Ads | Buy Ads | Monetize Traffic  Mobile Advertising Network | Sell Ads | Buy Ads | Monetize Traffic </description>
     <ror:updatePeriod>always</ror:updatePeriod>
     <ror:sortOrder>0</ror:sortOrder>
     <ror:resourceOf>sitemap</ror:resourceOf>
</item>
<item>
     <link>http://adzincome.cf/user/login</link>
     <title>AdzIncome.Cf - Login Mobile Advertising Network | Sell Ads | Buy Ads | Monetize Traffic </title>
     <description>AdzIncome.Cf - Login Mobile Advertising Network | Sell Ads | Buy Ads | Monetize Traffic </description>
     <ror:updatePeriod>always</ror:updatePeriod>
     <ror:sortOrder>1</ror:sortOrder>
     <ror:resourceOf>sitemap</ror:resourceOf>
</item>
<item>
     <link>http://adzincome.cf/user/registration</link>
     <title>AdzIncome.Cf Registration Mobile Advertising Network | Sell Ads | Buy Ads | Monetize Traffic </title>
     <description>AdzIncome.Cf Registration Mobile Advertising Network | Sell Ads | Buy Ads | Monetize Traffic </description>
     <ror:updatePeriod>always</ror:updatePeriod>
     <ror:sortOrder>1</ror:sortOrder>
     <ror:resourceOf>sitemap</ror:resourceOf>
</item>
<item>
     <link>http://adzincome.cf/user/forgot</link>
     <title>AdzIncome.Cf - Forgot password Mobile Advertising Network | Sell Ads | Buy Ads | Monetize Traffic </title>
     <description>AdzIncome.Cf - Forgot password Mobile Advertising Network | Sell Ads | Buy Ads | Monetize Traffic </description>
     <ror:updatePeriod>always</ror:updatePeriod>
     <ror:sortOrder>1</ror:sortOrder>
     <ror:resourceOf>sitemap</ror:resourceOf>
</item>
<item>
     <link>http://adzincome.cf/contact</link>
     <title>AdzIncome.Cf - Contact us Mobile Advertising Network | Sell Ads | Buy Ads | Monetize Traffic </title>
     <description>AdzIncome.Cf - Contact us Mobile Advertising Network | Sell Ads | Buy Ads | Monetize Traffic </description>
     <ror:updatePeriod>always</ror:updatePeriod>
     <ror:sortOrder>1</ror:sortOrder>
     <ror:resourceOf>sitemap</ror:resourceOf>
</item>
<item>
     <link>http://adzincome.cf/f.a.q</link>
     <title>AdzIncome.Cf - Frequently asked questions Mobile Advertising Network | Sell Ads | Buy Ads | Monetize Traffic </title>
     <description>AdzIncome.Cf - Frequently asked questions Mobile Advertising Network | Sell Ads | Buy Ads | Monetize Traffic </description>
     <ror:updatePeriod>always</ror:updatePeriod>
     <ror:sortOrder>1</ror:sortOrder>
     <ror:resourceOf>sitemap</ror:resourceOf>
</item>
<item>
     <link>http://adzincome.cf/show-publishers</link>
     <title>AdzIncome.Cf - Publisher Mobile Advertising Network | Sell Ads | Buy Ads | Monetize Traffic </title>
     <description>AdzIncome.Cf - Publisher Mobile Advertising Network | Sell Ads | Buy Ads | Monetize Traffic </description>
     <ror:updatePeriod>always</ror:updatePeriod>
     <ror:sortOrder>1</ror:sortOrder>
     <ror:resourceOf>sitemap</ror:resourceOf>
</item>
<item>
     <link>http://adzincome.cf/show-adv.php</link>
     <title>AdzIncome.Cf - Publisher Mobile Advertising Network | Sell Ads | Buy Ads | Monetize Traffic </title>
     <description>AdzIncome.Cf - Publisher Mobile Advertising Network | Sell Ads | Buy Ads | Monetize Traffic </description>
     <ror:updatePeriod>always</ror:updatePeriod>
     <ror:sortOrder>1</ror:sortOrder>
     <ror:resourceOf>sitemap</ror:resourceOf>
</item>
<item>
     <link>http://adzincome.cf/user/terms</link>
     <title>AdzIncome.Cf - Terms Mobile Advertising Network | Sell Ads | Buy Ads | Monetize Traffic </title>
     <description>AdzIncome.Cf - Terms Mobile Advertising Network | Sell Ads | Buy Ads | Monetize Traffic </description>
     <ror:updatePeriod>always</ror:updatePeriod>
     <ror:sortOrder>1</ror:sortOrder>
     <ror:resourceOf>sitemap</ror:resourceOf>
</item>
<item>
     <link>http://adzincome.cf/payments-proof</link>
     <title>Payment Proofs - AdzIncome.Cf Mobile Advertising Network | Sell Ads | Buy Ads | Monetize Traffic </title>
     <description>Payment Proofs - AdzIncome.Cf Mobile Advertising Network | Sell Ads | Buy Ads | Monetize Traffic </description>
     <ror:updatePeriod>always</ror:updatePeriod>
     <ror:sortOrder>1</ror:sortOrder>
     <ror:resourceOf>sitemap</ror:resourceOf>
</item>
<item>
     <link>http://adzincome.cf/cpi.php</link>
     <title>AdzIncome.Cf - Apps Promoting Mobile Advertising Network | Sell Ads | Buy Ads | Monetize Traffic </title>
     <description>AdzIncome.Cf - Apps Promoting Mobile Advertising Network | Sell Ads | Buy Ads | Monetize Traffic </description>
     <ror:updatePeriod>always</ror:updatePeriod>
     <ror:sortOrder>1</ror:sortOrder>
     <ror:resourceOf>sitemap</ror:resourceOf>
</item>
</channel>
</rss>
  